{"Weights":{"human":{"resource":0.23983122459255124,"material":0.23103295340129643,"building":0.15239997364328542},"resource":{"human":0.23983122459255124,"material":0.23541427416613467,"building":0.1531259211626136,"quarry":0.22721721802269002,"stone":0.16852199293698475,"storage":0.2130631194075026,"provides":0.2801529084742665,"consumes":0.15944411756549895,"contains":0.20226916311742316,"searchable":0.22121402761657355,"location":0.20469780987474365},"material":{"human":0.23103295340129643,"resource":0.23541427416613467,"building":0.1874325560192054,"quarry":0.22344335474452381,"wood":0.2402413656591572,"stone":0.17188605437656782,"storage":0.19338050107981217,"contains":0.21857651488272184,"searchable":0.18131863687423216},"building":{"human":0.15239997364328542,"thing":0.15309301988862162,"resource":0.1531259211626136,"material":0.1874325560192054,"fire":0.2905071991352231,"tree":0.18649735178338145,"quarry":0.23506486802538903,"wood":0.26413805460984235,"stone":0.28801033418394073,"storage":0.21272712276350833,"location":0.2936233566539749},"thing":{"building":0.15309301988862162,"instance":0.29950491378393296,"location":0.199034193225027},"instance":{"thing":0.29950491378393296,"location":0.17538782426298768},"location":{"thing":0.199034193225027,"resource":0.20469780987474365,"building":0.2936233566539749,"quarry":0.26951949573104356,"storage":0.24926983848857043,"instance":0.17538782426298768,"provides":0.16242193667390084},"quarry":{"resource":0.22721721802269002,"material":0.22344335474452381,"building":0.23506486802538903,"tree":0.1946351811194152,"wood":0.23815571747412556,"stone":0.3283219040097645,"campfire":0.1755156151052877,"location":0.26951949573104356},"stone":{"resource":0.16852199293698475,"material":0.17188605437656782,"building":0.28801033418394073,"tree":0.29699816311373606,"quarry":0.3283219040097645,"wood":0.4231521736940031},"storage":{"resource":0.2130631194075026,"material":0.19338050107981217,"building":0.21272712276350833,"wood":0.17841272156165028,"provides":0.165775650598454,"consumes":0.21441208079477797,"contains":0.2069880914038735,"searchable":0.16724773616209354,"location":0.24926983848857043,"warm":0.16076613566800488},"provides":{"resource":0.2801529084742665,"storage":0.165775650598454,"consumes":0.3461223507206382,"contains":0.5754173470124677,"searchable":0.26569594580738376,"location":0.16242193667390084},"consumes":{"resource":0.15944411756549895,"wood":0.156971407459935,"storage":0.21441208079477797,"provides":0.3461223507206382,"contains":0.3903931274518851},"contains":{"resource":0.20226916311742316,"material":0.21857651488272184,"storage":0.2069880914038735,"provides":0.5754173470124677,"consumes":0.3903931274518851,"searchable":0.24906819954989695,"carrying":0.18672067774085382},"searchable":{"resource":0.22121402761657355,"material":0.18131863687423216,"storage":0.16724773616209354,"provides":0.26569594580738376,"contains":0.24906819954989695},"wood":{"material":0.2402413656591572,"building":0.26413805460984235,"fire":0.17866669906451915,"tree":0.3803801661501389,"quarry":0.23815571747412556,"stone":0.4231521736940031,"campfire":0.26265662944195095,"storage":0.17841272156165028,"consumes":0.156971407459935},"fire":{"building":0.2905071991352231,"tree":0.21172848209922024,"wood":0.17866669906451915,"campfire":0.35441413044780934,"warm":0.15696363197914584},"tree":{"building":0.18649735178338145,"fire":0.21172848209922024,"quarry":0.1946351811194152,"wood":0.3803801661501389,"stone":0.29699816311373606,"campfire":0.28786069646804124},"campfire":{"fire":0.35441413044780934,"tree":0.28786069646804124,"quarry":0.1755156151052877,"wood":0.26265662944195095,"warm":0.22977454031258207},"warm":{"fire":0.15696363197914584,"campfire":0.22977454031258207,"storage":0.16076613566800488},"carrying":{"contains":0.18672067774085382}},"Pairs":["human,resource","human,material","human,building","thing,building","thing,instance","thing,location","resource,human","resource,material","resource,building","resource,quarry","resource,stone","resource,storage","resource,provides","resource,consumes","resource,contains","resource,searchable","resource,location","material,human","material,resource","material,building","material,quarry","material,wood","material,stone","material,storage","material,contains","material,searchable","building,human","building,thing","building,resource","building,material","building,fire","building,tree","building,quarry","building,wood","building,stone","building,storage","building,location","fire,building","fire,tree","fire,wood","fire,campfire","fire,warm","tree,building","tree,fire","tree,quarry","tree,wood","tree,stone","tree,campfire","quarry,resource","quarry,material","quarry,building","quarry,tree","quarry,wood","quarry,stone","quarry,campfire","quarry,location","wood,material","wood,building","wood,fire","wood,tree","wood,quarry","wood,stone","wood,campfire","wood,storage","wood,consumes","stone,resource","stone,material","stone,building","stone,tree","stone,quarry","stone,wood","campfire,fire","campfire,tree","campfire,quarry","campfire,wood","campfire,warm","storage,resource","storage,material","storage,building","storage,wood","storage,provides","storage,consumes","storage,contains","storage,searchable","storage,location","storage,warm","instance,thing","instance,location","provides,resource","provides,storage","provides,consumes","provides,contains","provides,searchable","provides,location","consumes,resource","consumes,wood","consumes,storage","consumes,provides","consumes,contains","contains,resource","contains,material","contains,storage","contains,provides","contains,consumes","contains,searchable","contains,carrying","searchable,resource","searchable,material","searchable,storage","searchable,provides","searchable,contains","location,thing","location,resource","location,building","location,quarry","location,storage","location,instance","location,provides","carrying,contains","warm,fire","warm,campfire","warm,storage"],"Terms":["human","resource","material","building","thing","instance","location","quarry","stone","storage","provides","consumes","contains","searchable","wood","fire","tree","campfire","warm","carrying"]}