{"Weights":{"human<->resource":0.23983122459255124,"resource<->human":0.23983122459255124,"human<->material":0.23103295340129643,"material<->human":0.23103295340129643,"human<->building":0.15239997364328542,"building<->human":0.15239997364328542,"thing<->building":0.15309301988862162,"building<->thing":0.15309301988862162,"thing<->instance":0.29950491378393296,"instance<->thing":0.29950491378393296,"thing<->location":0.199034193225027,"location<->thing":0.199034193225027,"resource<->material":0.23541427416613467,"material<->resource":0.23541427416613467,"resource<->building":0.1531259211626136,"building<->resource":0.1531259211626136,"resource<->provides":0.2801529084742665,"provides<->resource":0.2801529084742665,"resource<->consumes":0.15944411756549895,"consumes<->resource":0.15944411756549895,"resource<->contains":0.20226916311742316,"contains<->resource":0.20226916311742316,"resource<->searchable":0.22121402761657355,"searchable<->resource":0.22121402761657355,"resource<->location":0.20469780987474365,"location<->resource":0.20469780987474365,"material<->building":0.1874325560192054,"building<->material":0.1874325560192054,"material<->wood":0.2402413656591572,"wood<->material":0.2402413656591572,"material<->contains":0.21857651488272184,"contains<->material":0.21857651488272184,"material<->searchable":0.18131863687423216,"searchable<->material":0.18131863687423216,"building<->fire":0.2905071991352231,"fire<->building":0.2905071991352231,"building<->tree":0.18649735178338145,"tree<->building":0.18649735178338145,"building<->wood":0.26413805460984235,"wood<->building":0.26413805460984235,"building<->location":0.2936233566539749,"location<->building":0.2936233566539749,"fire<->tree":0.21172848209922024,"tree<->fire":0.21172848209922024,"fire<->wood":0.17866669906451915,"wood<->fire":0.17866669906451915,"fire<->campfire":0.35441413044780934,"campfire<->fire":0.35441413044780934,"fire<->warm":0.15696363197914584,"warm<->fire":0.15696363197914584,"tree<->wood":0.3803801661501389,"wood<->tree":0.3803801661501389,"tree<->campfire":0.28786069646804124,"campfire<->tree":0.28786069646804124,"wood<->campfire":0.26265662944195095,"campfire<->wood":0.26265662944195095,"wood<->consumes":0.156971407459935,"consumes<->wood":0.156971407459935,"campfire<->warm":0.22977454031258207,"warm<->campfire":0.22977454031258207,"instance<->location":0.17538782426298768,"location<->instance":0.17538782426298768,"provides<->consumes":0.3461223507206382,"consumes<->provides":0.3461223507206382,"provides<->contains":0.5754173470124677,"contains<->provides":0.5754173470124677,"provides<->searchable":0.26569594580738376,"searchable<->provides":0.26569594580738376,"provides<->location":0.16242193667390084,"location<->provides":0.16242193667390084,"consumes<->contains":0.3903931274518851,"contains<->consumes":0.3903931274518851,"contains<->searchable":0.24906819954989695,"searchable<->contains":0.24906819954989695,"contains<->carrying":0.18672067774085382,"carrying<->contains":0.18672067774085382},"Pairs":["human<->resource","human<->material","human<->building","thing<->building","thing<->instance","thing<->location","resource<->human","resource<->material","resource<->building","resource<->provides","resource<->consumes","resource<->contains","resource<->searchable","resource<->location","material<->human","material<->resource","material<->building","material<->wood","material<->contains","material<->searchable","building<->human","building<->thing","building<->resource","building<->material","building<->fire","building<->tree","building<->wood","building<->location","fire<->building","fire<->tree","fire<->wood","fire<->campfire","fire<->warm","tree<->building","tree<->fire","tree<->wood","tree<->campfire","wood<->material","wood<->building","wood<->fire","wood<->tree","wood<->campfire","wood<->consumes","campfire<->fire","campfire<->tree","campfire<->wood","campfire<->warm","instance<->thing","instance<->location","provides<->resource","provides<->consumes","provides<->contains","provides<->searchable","provides<->location","consumes<->resource","consumes<->wood","consumes<->provides","consumes<->contains","contains<->resource","contains<->material","contains<->provides","contains<->consumes","contains<->searchable","contains<->carrying","searchable<->resource","searchable<->material","searchable<->provides","searchable<->contains","location<->thing","location<->resource","location<->building","location<->instance","location<->provides","carrying<->contains","warm<->fire","warm<->campfire"],"Terms":["human","resource","material","building","thing","instance","location","provides","consumes","contains","searchable","wood","fire","tree","campfire","warm","carrying"]}