{"Weights":{"human<->resource":0.23983122459255124,"resource<->human":0.23983122459255124,"human<->material":0.23103295340129643,"material<->human":0.23103295340129643,"human<->building":0.15239997364328542,"building<->human":0.15239997364328542,"thing<->building":0.15309301988862162,"building<->thing":0.15309301988862162,"thing<->instance":0.29950491378393296,"instance<->thing":0.29950491378393296,"thing<->location":0.199034193225027,"location<->thing":0.199034193225027,"resource<->material":0.23541427416613467,"material<->resource":0.23541427416613467,"resource<->building":0.1531259211626136,"building<->resource":0.1531259211626136,"resource<->quarry":0.22721721802269002,"quarry<->resource":0.22721721802269002,"resource<->stone":0.16852199293698475,"stone<->resource":0.16852199293698475,"resource<->storage":0.2130631194075026,"storage<->resource":0.2130631194075026,"resource<->provides":0.2801529084742665,"provides<->resource":0.2801529084742665,"resource<->consumes":0.15944411756549895,"consumes<->resource":0.15944411756549895,"resource<->contains":0.20226916311742316,"contains<->resource":0.20226916311742316,"resource<->searchable":0.22121402761657355,"searchable<->resource":0.22121402761657355,"resource<->location":0.20469780987474365,"location<->resource":0.20469780987474365,"material<->building":0.1874325560192054,"building<->material":0.1874325560192054,"material<->quarry":0.22344335474452381,"quarry<->material":0.22344335474452381,"material<->wood":0.2402413656591572,"wood<->material":0.2402413656591572,"material<->stone":0.17188605437656782,"stone<->material":0.17188605437656782,"material<->storage":0.19338050107981217,"storage<->material":0.19338050107981217,"material<->contains":0.21857651488272184,"contains<->material":0.21857651488272184,"material<->searchable":0.18131863687423216,"searchable<->material":0.18131863687423216,"building<->fire":0.2905071991352231,"fire<->building":0.2905071991352231,"building<->tree":0.18649735178338145,"tree<->building":0.18649735178338145,"building<->quarry":0.23506486802538903,"quarry<->building":0.23506486802538903,"building<->wood":0.26413805460984235,"wood<->building":0.26413805460984235,"building<->stone":0.28801033418394073,"stone<->building":0.28801033418394073,"building<->storage":0.21272712276350833,"storage<->building":0.21272712276350833,"building<->location":0.2936233566539749,"location<->building":0.2936233566539749,"fire<->tree":0.21172848209922024,"tree<->fire":0.21172848209922024,"fire<->wood":0.17866669906451915,"wood<->fire":0.17866669906451915,"fire<->campfire":0.35441413044780934,"campfire<->fire":0.35441413044780934,"fire<->warm":0.15696363197914584,"warm<->fire":0.15696363197914584,"tree<->quarry":0.1946351811194152,"quarry<->tree":0.1946351811194152,"tree<->wood":0.3803801661501389,"wood<->tree":0.3803801661501389,"tree<->stone":0.29699816311373606,"stone<->tree":0.29699816311373606,"tree<->campfire":0.28786069646804124,"campfire<->tree":0.28786069646804124,"quarry<->wood":0.23815571747412556,"wood<->quarry":0.23815571747412556,"quarry<->stone":0.3283219040097645,"stone<->quarry":0.3283219040097645,"quarry<->campfire":0.1755156151052877,"campfire<->quarry":0.1755156151052877,"quarry<->location":0.26951949573104356,"location<->quarry":0.26951949573104356,"wood<->stone":0.4231521736940031,"stone<->wood":0.4231521736940031,"wood<->campfire":0.26265662944195095,"campfire<->wood":0.26265662944195095,"wood<->storage":0.17841272156165028,"storage<->wood":0.17841272156165028,"wood<->consumes":0.156971407459935,"consumes<->wood":0.156971407459935,"campfire<->warm":0.22977454031258207,"warm<->campfire":0.22977454031258207,"storage<->provides":0.165775650598454,"provides<->storage":0.165775650598454,"storage<->consumes":0.21441208079477797,"consumes<->storage":0.21441208079477797,"storage<->contains":0.2069880914038735,"contains<->storage":0.2069880914038735,"storage<->searchable":0.16724773616209354,"searchable<->storage":0.16724773616209354,"storage<->location":0.24926983848857043,"location<->storage":0.24926983848857043,"storage<->warm":0.16076613566800488,"warm<->storage":0.16076613566800488,"instance<->location":0.17538782426298768,"location<->instance":0.17538782426298768,"provides<->consumes":0.3461223507206382,"consumes<->provides":0.3461223507206382,"provides<->contains":0.5754173470124677,"contains<->provides":0.5754173470124677,"provides<->searchable":0.26569594580738376,"searchable<->provides":0.26569594580738376,"provides<->location":0.16242193667390084,"location<->provides":0.16242193667390084,"consumes<->contains":0.3903931274518851,"contains<->consumes":0.3903931274518851,"contains<->searchable":0.24906819954989695,"searchable<->contains":0.24906819954989695,"contains<->carrying":0.18672067774085382,"carrying<->contains":0.18672067774085382},"Pairs":["human<->resource","human<->material","human<->building","thing<->building","thing<->instance","thing<->location","resource<->human","resource<->material","resource<->building","resource<->quarry","resource<->stone","resource<->storage","resource<->provides","resource<->consumes","resource<->contains","resource<->searchable","resource<->location","material<->human","material<->resource","material<->building","material<->quarry","material<->wood","material<->stone","material<->storage","material<->contains","material<->searchable","building<->human","building<->thing","building<->resource","building<->material","building<->fire","building<->tree","building<->quarry","building<->wood","building<->stone","building<->storage","building<->location","fire<->building","fire<->tree","fire<->wood","fire<->campfire","fire<->warm","tree<->building","tree<->fire","tree<->quarry","tree<->wood","tree<->stone","tree<->campfire","quarry<->resource","quarry<->material","quarry<->building","quarry<->tree","quarry<->wood","quarry<->stone","quarry<->campfire","quarry<->location","wood<->material","wood<->building","wood<->fire","wood<->tree","wood<->quarry","wood<->stone","wood<->campfire","wood<->storage","wood<->consumes","stone<->resource","stone<->material","stone<->building","stone<->tree","stone<->quarry","stone<->wood","campfire<->fire","campfire<->tree","campfire<->quarry","campfire<->wood","campfire<->warm","storage<->resource","storage<->material","storage<->building","storage<->wood","storage<->provides","storage<->consumes","storage<->contains","storage<->searchable","storage<->location","storage<->warm","instance<->thing","instance<->location","provides<->resource","provides<->storage","provides<->consumes","provides<->contains","provides<->searchable","provides<->location","consumes<->resource","consumes<->wood","consumes<->storage","consumes<->provides","consumes<->contains","contains<->resource","contains<->material","contains<->storage","contains<->provides","contains<->consumes","contains<->searchable","contains<->carrying","searchable<->resource","searchable<->material","searchable<->storage","searchable<->provides","searchable<->contains","location<->thing","location<->resource","location<->building","location<->quarry","location<->storage","location<->instance","location<->provides","carrying<->contains","warm<->fire","warm<->campfire","warm<->storage"],"Terms":["human","resource","material","building","thing","instance","location","quarry","stone","storage","provides","consumes","contains","searchable","wood","fire","tree","campfire","warm","carrying"]}